Diagnosis Description,Reference Code,Retrieve-Rank,,Retrieve-Rank Match,
"Secondary and unspecified malignant neoplasm of lymph node, unspecified",C779,C775,,No,
"Alcohol use, unspecified with alcohol-induced psychotic disorder, unspecified",F10959,F10950,,No,
"Opioid use, unspecified with opioid-induced psychotic disorder, unspecified",F11959,F11951,,No,
"Sedative, hypnotic or anxiolytic use, unspecified with intoxication, unspecified",F13929,F13921,,No,
"Sedative, hypnotic or anxiolytic use, unspecified with sedative, hypnotic or anxiolytic-induced psychotic disorder, unspecified",F13959,F13951,,No,
"Other stimulant use, unspecified with stimulant-induced psychotic disorder, unspecified",F15959,F15951,,No,
"Hallucinogen use, unspecified with hallucinogen-induced psychotic disorder, unspecified",F16959,F16951,,No,
"Inhalant use, unspecified with inhalant-induced psychotic disorder, unspecified",F18959,F18951,,No,
"Other psychoactive substance use, unspecified with psychoactive substance-induced psychotic disorder, unspecified",F19959,F19951,,No,
"Unspecified blepharitis right eye, unspecified eyelid",H01003,H01001,,No,
"Unspecified blepharitis left eye, unspecified eyelid",H01006,H01004,,No,
"Unspecified entropion of right eye, unspecified eyelid",H02003,H02001,,No,
"Unspecified entropion of left eye, unspecified eyelid",H02006,H02004,,No,
"Unspecified ectropion of right eye, unspecified eyelid",H02103,H02101,,No,
"Unspecified ectropion of left eye, unspecified eyelid",H02106,H02104,,No,
"Unspecified lagophthalmos right eye, unspecified eyelid",H02203,H02202,,No,
"Unspecified lagophthalmos left eye, unspecified eyelid",H02206,H02204,,No,
"Unspecified retinal detachment with retinal break, unspecified eye",H33009,H33001,,No,
"Glaucoma secondary to eye trauma, unspecified eye, stage unspecified",H4030X0,H4033X0,,No,
"Glaucoma secondary to eye inflammation, unspecified eye, stage unspecified",H4040X0,H4043X0,,No,
"Glaucoma secondary to other eye disorders, unspecified eye, stage unspecified",H4050X0,H4053X0,,No,
"Unspecified retained (old) intraocular foreign body, magnetic, unspecified eye",H44609,H44601,,No,
"Unspecified noninfective disorders of pinna, unspecified ear",H61109,H61199,,No,
"Unspecified perforation of tympanic membrane, unspecified ear",H7290,H7291,,No,
"Other specified disorders of middle ear and mastoid in diseases classified elsewhere, unspecified ear",H7580,H7581,,No,
Postprocedural hematoma of ear and mastoid process following a procedure on the ear and mastoid process,H9551,H9552,,No,
"Other atherosclerosis of native arteries of extremities, unspecified extremity",I70299,I70208,,No,
"Other atherosclerosis of unspecified type of bypass graft(s) of the extremities, other extremity",I70398,I70708,,No,
"Other atherosclerosis of unspecified type of bypass graft(s) of the extremities, unspecified extremity",I70399,I70308,,No,
"Other atherosclerosis of nonautologous biological bypass graft(s) of the extremities, unspecified extremity",I70599,I70508,,No,
"Other atherosclerosis of other type of bypass graft(s) of the extremities, unspecified extremity",I70799,I70708,,No,
"Acute appendicitis with generalized peritonitis, without perforation, with abscess",K35210,K35200,,No,
"Other acute appendicitis without perforation, with gangrene",K35891,K35890,,No,
Diverticulosis of small intestine without perforation or abscess with bleeding,K5711,K5710,,No,
Diverticulitis of small intestine without perforation or abscess with bleeding,K5713,K5712,,No,
Diverticulosis of large intestine without perforation or abscess with bleeding,K5731,K5730,,No,
Diverticulitis of large intestine without perforation or abscess with bleeding,K5733,K5732,,No,
"Unspecified juvenile rheumatoid arthritis, unspecified ankle and foot",M08079,M08071,,No,
"Derangement of unspecified lateral meniscus due to old tear or injury, unspecified knee",M23202,M23200,,No,
"Derangement of unspecified medial meniscus due to old tear or injury, unspecified knee",M23205,M23203,,No,
"Derangement of unspecified meniscus due to old tear or injury, unspecified knee",M23209,M23206,,No,
"Other rupture of muscle (nontraumatic), other site",M6218,M6210,,No,
"Unspecified disorder of synovium and tendon, unspecified shoulder",M67919,M67911,,No,
"Unspecified disorder of synovium and tendon, unspecified upper arm",M67929,M67921,,No,
"Unspecified disorder of synovium and tendon, unspecified forearm",M67939,M67931,,No,
"Unspecified disorder of synovium and tendon, unspecified thigh",M67959,M67951,,No,
"Unspecified disorder of synovium and tendon, unspecified lower leg",M67969,M67961,,No,
"Unspecified disorder of synovium and tendon, unspecified ankle and foot",M67979,M67971,,No,
"Other soft tissue disorders related to use, overuse and pressure other site",M7088,M7089,,No,
"Unspecified soft tissue disorder related to use, overuse and pressure of unspecified site",M7090,M7099,,No,
"Unspecified soft tissue disorder related to use, overuse and pressure, unspecified shoulder",M70919,M70911,,No,
"Unspecified soft tissue disorder related to use, overuse and pressure, unspecified upper arm",M70929,M70921,,No,
"Unspecified soft tissue disorder related to use, overuse and pressure, unspecified forearm",M70939,M70931,,No,
"Unspecified soft tissue disorder related to use, overuse and pressure, unspecified hand",M70949,M70941,,No,
"Unspecified soft tissue disorder related to use, overuse and pressure, unspecified thigh",M70959,M70951,,No,
"Unspecified soft tissue disorder related to use, overuse and pressure, unspecified lower leg",M70969,M70961,,No,
"Unspecified soft tissue disorder related to use, overuse and pressure, unspecified ankle and foot",M70979,M70971,,No,
"Unspecified slipped upper femoral epiphysis (nontraumatic), unspecified hip",M93003,M93001,,No,
"Acute on chronic slipped upper femoral epiphysis, unspecified stability (nontraumatic), unspecified hip",M93073,M93071,,No,
"Unspecified pre-existing hypertension complicating pregnancy, unspecified trimester",O10919,O10911,,No,
"Unspecified infection of urinary tract in pregnancy, unspecified trimester",O2340,O2341,,No,
"Unspecified genitourinary tract infection in pregnancy, unspecified trimester",O2390,O2391,,No,
"Unspecified pre-existing diabetes mellitus in pregnancy, unspecified trimester",O24319,O24311,,No,
"Unspecified complication of anesthesia during pregnancy, unspecified trimester",O2990,O2991,,No,
"Continuing pregnancy after spontaneous abortion of one fetus or more, unspecified trimester, fetus 1",O3110X1,O3110X9,,No,
"Continuing pregnancy after spontaneous abortion of one fetus or more, first trimester, fetus 1",O3111X1,O3111X9,,No,
"Continuing pregnancy after spontaneous abortion of one fetus or more, second trimester, fetus 1",O3112X1,O3112X9,,No,
"Continuing pregnancy after spontaneous abortion of one fetus or more, third trimester, fetus 1",O3113X1,O3113X3,,No,
"Continuing pregnancy after intrauterine death of one fetus or more, unspecified trimester, fetus 1",O3120X1,O3120X9,,No,
"Continuing pregnancy after intrauterine death of one fetus or more, first trimester, fetus 1",O3121X1,O3121X9,,No,
"Continuing pregnancy after intrauterine death of one fetus or more, second trimester, fetus 1",O3122X1,O3122X9,,No,
"Continuing pregnancy after intrauterine death of one fetus or more, third trimester, fetus 1",O3123X1,O3123X9,,No,
"Continuing pregnancy after elective fetal reduction of one fetus or more, unspecified trimester, fetus 1",O3130X1,O3130X9,,No,
"Continuing pregnancy after elective fetal reduction of one fetus or more, first trimester, fetus 1",O3131X1,O3131X9,,No,
"Continuing pregnancy after elective fetal reduction of one fetus or more, second trimester, fetus 1",O3132X1,O3132X9,,No,
"Continuing pregnancy after elective fetal reduction of one fetus or more, third trimester, fetus 1",O3133X1,O3133X2,,No,
"Maternal care for other malpresentation of fetus, fetus 1",O328XX1,O328XX9,,No,
"Maternal care for malpresentation of fetus, unspecified, fetus 1",O329XX1,O329XX9,,No,
"Maternal care for disproportion due to outlet contraction of pelvis, fetus 1",O333XX1,O333XX2,,No,
"Maternal care for disproportion due to unusually large fetus, fetus 1",O335XX1,O335XX9,,No,
"Maternal care for disproportion due to hydrocephalic fetus, fetus 1",O336XX1,O336XX2,,No,
"Maternal care for disproportion due to other fetal deformities, fetus 1",O337XX1,O337XX9,,No,
"Maternal care for (suspected) central nervous system malformation or damage in fetus, unspecified, fetus 1",O3500X1,O3500X9,,No,
"Maternal care for (suspected) central nervous system malformation or damage in fetus, agenesis of the corpus callosum, fetus 1",O3501X1,O3501X9,,No,
"Maternal care for (suspected) central nervous system malformation or damage in fetus, anencephaly, fetus 1",O3502X1,O3502X9,,No,
"Maternal care for (suspected) central nervous system malformation or damage in fetus, choroid plexus cysts, fetus 1",O3503X1,O3503X9,,No,
"Maternal care for (suspected) central nervous system malformation or damage in fetus, encephalocele, fetus 1",O3504X1,O3504X9,,No,
"Maternal care for (suspected) central nervous system malformation or damage in fetus, holoprosencephaly, fetus 1",O3505X1,O3505X9,,No,
"Maternal care for (suspected) central nervous system malformation or damage in fetus, hydrocephaly, fetus 1",O3506X1,O3506X9,,No,
"Maternal care for (suspected) central nervous system malformation or damage in fetus, microcephaly, fetus 1",O3507X1,O3507X9,,No,
"Maternal care for (suspected) central nervous system malformation or damage in fetus, spina bifida, fetus 1",O3508X1,O3508X9,,No,
"Maternal care for (suspected) other central nervous system malformation or damage in fetus, fetus 1",O3509X1,O3507X9,,No,
"Maternal care for (suspected) other central nervous system malformation or damage in fetus, fetus 2",O3509X2,O3507X9,,No,
"Maternal care for (suspected) other central nervous system malformation or damage in fetus, other fetus",O3509X9,O3507X9,,No,
"Maternal care for (suspected) chromosomal abnormality in fetus, unspecified, fetus 1",O3510X1,O3510X9,,No,
"Maternal care for (suspected) chromosomal abnormality in fetus, Trisomy 13, fetus 1",O3511X1,O3511X2,,No,
"Maternal care for (suspected) chromosomal abnormality in fetus, Trisomy 21, fetus 1",O3513X1,O3513X2,,No,
"Maternal care for (suspected) chromosomal abnormality in fetus, Turner Syndrome, fetus 1",O3514X1,O3514X2,,No,
"Maternal care for (suspected) chromosomal abnormality in fetus, sex chromosome abnormality, fetus 1",O3515X1,O3515X9,,No,
"Maternal care for (suspected) chromosomal abnormality in fetus, other chromosomal abnormality, fetus 1",O3519X1,O3519X9,,No,
"Maternal care for other (suspected) fetal abnormality and damage, fetal facial anomalies, fetus 1",O35AXX1,O35AXX9,,No,
"Maternal care for other (suspected) fetal abnormality and damage, fetal cardiac anomalies, fetus 1",O35BXX1,O35BXX9,,No,
"Maternal care for other (suspected) fetal abnormality and damage, fetal gastrointestinal anomalies, fetus 1",O35DXX1,O35DXX9,,No,
"Maternal care for other (suspected) fetal abnormality and damage, fetal genitourinary anomalies, fetus 1",O35EXX1,O35EXX9,,No,
"Maternal care for (suspected) damage to fetus from viral disease in mother, fetus 1",O353XX1,O353XX9,,No,
"Maternal care for (suspected) damage to fetus from alcohol, fetus 1",O354XX1,O354XX9,,No,
"Maternal care for (suspected) damage to fetus by drugs, fetus 1",O355XX1,O355XX9,,No,
"Maternal care for (suspected) damage to fetus by radiation, fetus 1",O356XX1,O356XX9,,No,
"Maternal care for (suspected) damage to fetus by other medical procedures, fetus 1",O357XX1,O357XX9,,No,
"Maternal care for other rhesus isoimmunization, first trimester, fetus 1",O360911,O360919,,No,
"Maternal care for other rhesus isoimmunization, unspecified trimester, fetus 1",O360991,O360999,,No,
"Maternal care for known or suspected placental insufficiency, unspecified trimester, fetus 1",O365191,O365193,,No,
"Maternal care for other known or suspected poor fetal growth, first trimester, fetus 1",O365911,O365914,,No,
"Maternal care for other known or suspected poor fetal growth, second trimester, fetus 1",O365921,O365929,,No,
"Maternal care for other known or suspected poor fetal growth, third trimester, fetus 1",O365931,O365935,,No,
"Maternal care for other known or suspected poor fetal growth, unspecified trimester, fetus 1",O365991,O365999,,No,
"Maternal care for excessive fetal growth, unspecified trimester, fetus 1",O3660X1,O3660X9,,No,
"Maternal care for viable fetus in abdominal pregnancy, unspecified trimester, fetus 1",O3670X1,O3670X9,,No,
"Maternal care for viable fetus in abdominal pregnancy, first trimester, fetus 1",O3671X1,O3671X9,,No,
"Maternal care for viable fetus in abdominal pregnancy, second trimester, fetus 1",O3672X1,O3672X2,,No,
"Maternal care for viable fetus in abdominal pregnancy, third trimester, fetus 1",O3673X1,O3673X2,,No,
"Maternal care for abnormalities of the fetal heart rate or rhythm, second trimester, fetus 1",O368321,O368322,,No,
"Maternal care for abnormalities of the fetal heart rate or rhythm, unspecified trimester, fetus 1",O368391,O368399,,No,
"Maternal care for other specified fetal problems, unspecified trimester, fetus 1",O368991,O368999,,No,
"Maternal care for fetal problem, unspecified, unspecified trimester, fetus 1",O3690X1,O3690X9,,No,
"Maternal care for fetal problem, unspecified, first trimester, fetus 1",O3691X1,O3691X2,,No,
"Maternal care for fetal problem, unspecified, second trimester, fetus 1",O3692X1,O3692X2,,No,
"Maternal care for fetal problem, unspecified, third trimester, fetus 1",O3693X1,O3693X2,,No,
"Other specified disorders of amniotic fluid and membranes, first trimester, fetus 1",O418X11,O418X12,,No,
"Other specified disorders of amniotic fluid and membranes, first trimester, other fetus",O418X19,O418X12,,No,
"Other specified disorders of amniotic fluid and membranes, second trimester, other fetus",O418X29,O418X22,,No,
"Other specified disorders of amniotic fluid and membranes, third trimester, other fetus",O418X39,O418X32,,No,
"Other specified disorders of amniotic fluid and membranes, unspecified trimester, fetus 1",O418X91,O418X94,,No,
"Other specified disorders of amniotic fluid and membranes, unspecified trimester, other fetus",O418X99,O418X93,,No,
"Preterm labor second trimester with preterm delivery second trimester, fetus 3",O6012X3,O6013X3,,No,
"Labor and delivery complicated by cord complication, unspecified, fetus 1",O699XX1,O699XX9,,No,
"Unspecified maternal infectious and parasitic disease complicating pregnancy, unspecified trimester",O98919,O98911,,No,
"Unspecified injury at unspecified level of cervical spinal cord, sequela",S14109S,S14101S,,No,
"Other specified injuries of other specified part of neck, initial encounter",S1989XA,S1980XA,,No,
"Other specified injuries of other specified part of neck, subsequent encounter",S1989XD,S1980XD,,No,
"Other specified injuries of other specified part of neck, sequela",S1989XS,S1980XS,,No,
"Unspecified superficial injuries of breast, unspecified breast, initial encounter",S20109A,S20101A,,No,
"Unspecified superficial injuries of breast, unspecified breast, subsequent encounter",S20109D,S20101D,,No,
"Unspecified superficial injuries of breast, unspecified breast, sequela",S20109S,S20101S,,No,
"Unspecified superficial injuries of unspecified front wall of thorax, sequela",S20309S,S20301S,,No,
"Unspecified open wound of unspecified front wall of thorax with penetration into thoracic cavity, initial encounter",S21309A,S21301A,,No,
"Unspecified open wound of unspecified front wall of thorax with penetration into thoracic cavity, sequela",S21309S,S21301S,,No,
"Laceration without foreign body of right front wall of thorax with penetration into thoracic cavity, initial encounter",S21311A,S21111A,,No,
"Laceration without foreign body of right front wall of thorax with penetration into thoracic cavity, subsequent encounter",S21311D,S21111D,,No,
"Laceration without foreign body of right front wall of thorax with penetration into thoracic cavity, sequela",S21311S,S21111S,,No,
"Laceration without foreign body of left front wall of thorax with penetration into thoracic cavity, initial encounter",S21312A,S21112A,,No,
"Laceration without foreign body of left front wall of thorax with penetration into thoracic cavity, subsequent encounter",S21312D,S21112D,,No,
"Laceration without foreign body of left front wall of thorax with penetration into thoracic cavity, sequela",S21312S,S21112S,,No,
"Laceration without foreign body of unspecified front wall of thorax with penetration into thoracic cavity, initial encounter",S21319A,S21119A,,No,
"Laceration without foreign body of unspecified front wall of thorax with penetration into thoracic cavity, subsequent encounter",S21319D,S21119D,,No,
"Laceration without foreign body of unspecified front wall of thorax with penetration into thoracic cavity, sequela",S21319S,S21119S,,No,
"Puncture wound without foreign body of right front wall of thorax with penetration into thoracic cavity, initial encounter",S21331A,S21131A,,No,
"Puncture wound without foreign body of right front wall of thorax with penetration into thoracic cavity, subsequent encounter",S21331D,S21131D,,No,
"Puncture wound without foreign body of right front wall of thorax with penetration into thoracic cavity, sequela",S21331S,S21131S,,No,
"Puncture wound without foreign body of left front wall of thorax with penetration into thoracic cavity, initial encounter",S21332A,S21132A,,No,
"Puncture wound without foreign body of left front wall of thorax with penetration into thoracic cavity, subsequent encounter",S21332D,S21132D,,No,
"Puncture wound without foreign body of left front wall of thorax with penetration into thoracic cavity, sequela",S21332S,S21132S,,No,
"Puncture wound without foreign body of unspecified front wall of thorax with penetration into thoracic cavity, initial encounter",S21339A,S21139A,,No,
"Puncture wound without foreign body of unspecified front wall of thorax with penetration into thoracic cavity, subsequent encounter",S21339D,S21139D,,No,
"Puncture wound without foreign body of unspecified front wall of thorax with penetration into thoracic cavity, sequela",S21339S,S21139S,,No,
"Laceration without foreign body of right back wall of thorax with penetration into thoracic cavity, initial encounter",S21411A,S21211A,,No,
"Laceration without foreign body of right back wall of thorax with penetration into thoracic cavity, subsequent encounter",S21411D,S21211D,,No,
"Laceration without foreign body of right back wall of thorax with penetration into thoracic cavity, sequela",S21411S,S21211S,,No,
"Laceration without foreign body of left back wall of thorax with penetration into thoracic cavity, initial encounter",S21412A,S21212A,,No,
"Laceration without foreign body of left back wall of thorax with penetration into thoracic cavity, subsequent encounter",S21412D,S21212D,,No,
"Laceration without foreign body of left back wall of thorax with penetration into thoracic cavity, sequela",S21412S,S21212S,,No,
"Laceration without foreign body of unspecified back wall of thorax with penetration into thoracic cavity, initial encounter",S21419A,S21219A,,No,
"Laceration without foreign body of unspecified back wall of thorax with penetration into thoracic cavity, subsequent encounter",S21419D,S21219D,,No,
"Laceration without foreign body of unspecified back wall of thorax with penetration into thoracic cavity, sequela",S21419S,S21219S,,No,
"Puncture wound without foreign body of right back wall of thorax with penetration into thoracic cavity, initial encounter",S21431A,S21231A,,No,
"Puncture wound without foreign body of right back wall of thorax with penetration into thoracic cavity, subsequent encounter",S21431D,S21231D,,No,
"Puncture wound without foreign body of right back wall of thorax with penetration into thoracic cavity, sequela",S21431S,S21231S,,No,
"Puncture wound without foreign body of left back wall of thorax with penetration into thoracic cavity, initial encounter",S21432A,S21232A,,No,
"Puncture wound without foreign body of left back wall of thorax with penetration into thoracic cavity, sequela",S21432S,S21232S,,No,
"Puncture wound without foreign body of unspecified back wall of thorax with penetration into thoracic cavity, initial encounter",S21439A,S21239A,,No,
"Puncture wound without foreign body of unspecified back wall of thorax with penetration into thoracic cavity, subsequent encounter",S21439D,S21239D,,No,
"Puncture wound without foreign body of unspecified back wall of thorax with penetration into thoracic cavity, sequela",S21439S,S21239S,,No,
"Unspecified fracture of unspecified thoracic vertebra, initial encounter for open fracture",S22009B,S22019B,,No,
"Unspecified injury of unspecified innominate or subclavian artery, sequela",S25109S,S25101S,,No,
"Unspecified injury of unspecified innominate or subclavian vein, sequela",S25309S,S25301S,,No,
"Unspecified injury of intercostal blood vessels, unspecified side, initial encounter",S25509A,S25501A,,No,
"Unspecified injury of intercostal blood vessels, unspecified side, subsequent encounter",S25509D,S25501D,,No,
"Unspecified injury of intercostal blood vessels, unspecified side, sequela",S25509S,S25502S,,No,
"Unspecified injury of other blood vessels of thorax, unspecified side, initial encounter",S25809A,S25801A,,No,
"Unspecified injury of other blood vessels of thorax, unspecified side, subsequent encounter",S25809D,S25801D,,No,
"Unspecified injury of other blood vessels of thorax, unspecified side, sequela",S25809S,S25801S,,No,
"Unspecified injury of heart, unspecified with or without hemopericardium, initial encounter",S2690XA,S2610XA,,No,
"Unspecified injury of heart, unspecified with or without hemopericardium, subsequent encounter",S2690XD,S2610XD,,No,
"Unspecified injury of heart, unspecified with or without hemopericardium, sequela",S2690XS,S2610XS,,No,
"Unspecified injury of bronchus, unspecified, initial encounter",S27409A,S27402A,,No,
"Unspecified injury of bronchus, unspecified, subsequent encounter",S27409D,S27402D,,No,
"Unspecified injury of bronchus, unspecified, sequela",S27409S,S27402S,,No,
"Unspecified injury of muscle and tendon of unspecified wall of thorax, initial encounter",S29009A,S29001A,,No,
"Unspecified injury of muscle and tendon of unspecified wall of thorax, subsequent encounter",S29009D,S29001D,,No,
"Unspecified injury of muscle and tendon of unspecified wall of thorax, sequela",S29009S,S29001S,,No,
"Laceration without foreign body of lower back and pelvis with penetration into retroperitoneum, subsequent encounter",S31011D,S31010D,,No,
"Laceration without foreign body of lower back and pelvis with penetration into retroperitoneum, sequela",S31011S,S31010S,,No,
"Puncture wound without foreign body of lower back and pelvis with penetration into retroperitoneum, initial encounter",S31031A,S31030A,,No,
"Puncture wound without foreign body of lower back and pelvis with penetration into retroperitoneum, subsequent encounter",S31031D,S31030D,,No,
"Puncture wound without foreign body of lower back and pelvis with penetration into retroperitoneum, sequela",S31031S,S31030S,,No,
"Unspecified open wound of abdominal wall, unspecified quadrant without penetration into peritoneal cavity, initial encounter",S31109A,S31103A,,No,
"Unspecified open wound of abdominal wall, unspecified quadrant without penetration into peritoneal cavity, subsequent encounter",S31109D,S31100D,,No,
"Unspecified open wound of abdominal wall, unspecified quadrant with penetration into peritoneal cavity, initial encounter",S31609A,S31600A,,No,
"Unspecified open wound of abdominal wall, unspecified quadrant with penetration into peritoneal cavity, subsequent encounter",S31609D,S31603D,,No,
"Unspecified open wound of abdominal wall, unspecified quadrant with penetration into peritoneal cavity, sequela",S31609S,S31600S,,No,
"Laceration without foreign body of abdominal wall, left upper quadrant with penetration into peritoneal cavity, sequela",S31611S,S31111S,,No,
"Laceration without foreign body of abdominal wall, epigastric region with penetration into peritoneal cavity, initial encounter",S31612A,S31112A,,No,
"Laceration without foreign body of abdominal wall, epigastric region with penetration into peritoneal cavity, subsequent encounter",S31612D,S31112D,,No,
"Laceration without foreign body of abdominal wall, epigastric region with penetration into peritoneal cavity, sequela",S31612S,S31112S,,No,
"Laceration without foreign body of abdominal wall, right lower quadrant with penetration into peritoneal cavity, sequela",S31613S,S31113S,,No,
"Laceration without foreign body of abdominal wall, periumbilic region with penetration into peritoneal cavity, initial encounter",S31615A,S31115A,,No,
"Laceration without foreign body of abdominal wall, periumbilic region with penetration into peritoneal cavity, subsequent encounter",S31615D,S31115D,,No,
"Laceration without foreign body of abdominal wall, periumbilic region with penetration into peritoneal cavity, sequela",S31615S,S31115S,,No,
"Laceration without foreign body of abdominal wall, unspecified quadrant with penetration into peritoneal cavity, sequela",S31619S,S31119S,,No,
"Unspecified fracture of unspecified lumbar vertebra, initial encounter for open fracture",S32009B,S32019B,,No,
"Unspecified injury of unspecified part of small intestine, initial encounter",S36409A,S36408A,,No,
"Unspecified injury of unspecified part of small intestine, sequela",S36409S,S36408S,,No,
"Unspecified injury of ovary, unspecified, subsequent encounter",S37409D,S37402D,,No,
"Unspecified injury of fallopian tube, unspecified, initial encounter",S37509A,S37502A,,No,
"Unspecified injury of fallopian tube, unspecified, subsequent encounter",S37509D,S37502D,,No,
"Unspecified injury of fallopian tube, unspecified, sequela",S37509S,S37502S,,No,
"Fracture of unspecified part of scapula, unspecified shoulder, initial encounter for closed fracture",S42109A,S42101A,,No,
"Fracture of unspecified part of scapula, unspecified shoulder, initial encounter for open fracture",S42109B,S42101B,,No,
"Fracture of unspecified part of scapula, unspecified shoulder, subsequent encounter for fracture with routine healing",S42109D,S42101D,,No,
"Fracture of unspecified part of scapula, unspecified shoulder, subsequent encounter for fracture with delayed healing",S42109G,S42101G,,No,
"Fracture of unspecified part of scapula, unspecified shoulder, subsequent encounter for fracture with nonunion",S42109K,S42101K,,No,
"Fracture of unspecified part of scapula, unspecified shoulder, subsequent encounter for fracture with malunion",S42109P,S42101P,,No,
"Fracture of unspecified part of scapula, unspecified shoulder, sequela",S42109S,S42101S,,No,
"Unspecified fracture of shaft of humerus, unspecified arm, initial encounter for closed fracture",S42309A,S42301A,,No,
"Unspecified fracture of shaft of humerus, unspecified arm, initial encounter for open fracture",S42309B,S42301B,,No,
"Unspecified fracture of shaft of humerus, unspecified arm, subsequent encounter for fracture with routine healing",S42309D,S42301D,,No,
"Unspecified fracture of shaft of humerus, unspecified arm, subsequent encounter for fracture with delayed healing",S42309G,S42301G,,No,
"Unspecified fracture of shaft of humerus, unspecified arm, subsequent encounter for fracture with nonunion",S42309K,S42301K,,No,
"Unspecified fracture of shaft of humerus, unspecified arm, subsequent encounter for fracture with malunion",S42309P,S42301P,,No,
"Unspecified fracture of shaft of humerus, unspecified arm, sequela",S42309S,S42301S,,No,
"Injury of unspecified nerve at shoulder and upper arm level, unspecified arm, initial encounter",S4490XA,S4491XA,,No,
"Injury of unspecified nerve at shoulder and upper arm level, unspecified arm, subsequent encounter",S4490XD,S4491XD,,No,
"Injury of unspecified nerve at shoulder and upper arm level, unspecified arm, sequela",S4490XS,S4491XS,,No,
"Unspecified injury of axillary artery, unspecified side, initial encounter",S45009A,S45001A,,No,
"Unspecified injury of axillary artery, unspecified side, subsequent encounter",S45009D,S45001D,,No,
"Unspecified injury of axillary artery, unspecified side, sequela",S45009S,S45001S,,No,
"Unspecified injury of brachial artery, unspecified side, initial encounter",S45109A,S45101A,,No,
"Unspecified injury of brachial artery, unspecified side, subsequent encounter",S45109D,S45101D,,No,
"Unspecified injury of brachial artery, unspecified side, sequela",S45109S,S45101S,,No,
"Unspecified injury of axillary or brachial vein, unspecified side, initial encounter",S45209A,S45201A,,No,
"Unspecified injury of axillary or brachial vein, unspecified side, subsequent encounter",S45209D,S45201D,,No,
"Unspecified injury of axillary or brachial vein, unspecified side, sequela",S45209S,S45201S,,No,
"Unspecified injury of superficial vein at shoulder and upper arm level, unspecified arm, initial encounter",S45309A,S45301A,,No,
"Unspecified injury of superficial vein at shoulder and upper arm level, unspecified arm, subsequent encounter",S45309D,S45301D,,No,
"Unspecified injury of superficial vein at shoulder and upper arm level, unspecified arm, sequela",S45309S,S45301S,,No,
"Unspecified injury of other specified blood vessels at shoulder and upper arm level, unspecified arm, initial encounter",S45809A,S45801A,,No,
"Unspecified injury of other specified blood vessels at shoulder and upper arm level, unspecified arm, subsequent encounter",S45809D,S45801D,,No,
"Unspecified injury of other specified blood vessels at shoulder and upper arm level, unspecified arm, sequela",S45809S,S45802S,,No,
"Other specified injury of other specified blood vessels at shoulder and upper arm level, right arm, initial encounter",S45891A,S45801A,,No,
"Other specified injury of other specified blood vessels at shoulder and upper arm level, right arm, subsequent encounter",S45891D,S45801D,,No,
"Other specified injury of other specified blood vessels at shoulder and upper arm level, left arm, initial encounter",S45892A,S45802A,,No,
"Other specified injury of other specified blood vessels at shoulder and upper arm level, left arm, subsequent encounter",S45892D,S45802D,,No,
"Other specified injury of other specified blood vessels at shoulder and upper arm level, left arm, sequela",S45892S,S45802S,,No,
"Other specified injury of other specified blood vessels at shoulder and upper arm level, unspecified arm, initial encounter",S45899A,S45801A,,No,
"Other specified injury of other specified blood vessels at shoulder and upper arm level, unspecified arm, subsequent encounter",S45899D,S45801D,,No,
"Other specified injury of other specified blood vessels at shoulder and upper arm level, unspecified arm, sequela",S45899S,S45802S,,No,
"Unspecified injury of unspecified blood vessel at shoulder and upper arm level, unspecified arm, initial encounter",S45909A,S45901A,,No,
"Unspecified injury of unspecified blood vessel at shoulder and upper arm level, unspecified arm, subsequent encounter",S45909D,S45901D,,No,
"Unspecified injury of unspecified blood vessel at shoulder and upper arm level, unspecified arm, sequela",S45909S,S45901S,,No,
"Laceration of unspecified blood vessel at shoulder and upper arm level, unspecified arm, initial encounter",S45919A,S45911A,,No,
"Laceration of unspecified blood vessel at shoulder and upper arm level, unspecified arm, subsequent encounter",S45919D,S45911D,,No,
"Laceration of unspecified blood vessel at shoulder and upper arm level, unspecified arm, sequela",S45919S,S45911S,,No,
"Other specified injury of unspecified blood vessel at shoulder and upper arm level, unspecified arm, initial encounter",S45999A,S45991A,,No,
"Other specified injury of unspecified blood vessel at shoulder and upper arm level, unspecified arm, subsequent encounter",S45999D,S45991D,,No,
"Other specified injury of unspecified blood vessel at shoulder and upper arm level, unspecified arm, sequela",S45999S,S45992S,,No,
"Unspecified injury of muscle, fascia and tendon of long head of biceps, unspecified arm, initial encounter",S46109A,S46101A,,No,
"Unspecified injury of muscle, fascia and tendon of long head of biceps, unspecified arm, subsequent encounter",S46109D,S46101D,,No,
"Unspecified injury of muscle, fascia and tendon of long head of biceps, unspecified arm, sequela",S46109S,S46101S,,No,
"Unspecified injury of muscle, fascia and tendon of other parts of biceps, unspecified arm, initial encounter",S46209A,S46201A,,No,
"Unspecified injury of muscle, fascia and tendon of other parts of biceps, unspecified arm, subsequent encounter",S46209D,S46201D,,No,
"Unspecified injury of muscle, fascia and tendon of other parts of biceps, unspecified arm, sequela",S46209S,S46201S,,No,
"Other injury of muscle, fascia and tendon of other parts of biceps, unspecified arm, initial encounter",S46299A,S46201A,,No,
"Other injury of muscle, fascia and tendon of other parts of biceps, unspecified arm, subsequent encounter",S46299D,S46201D,,No,
"Other injury of muscle, fascia and tendon of other parts of biceps, unspecified arm, sequela",S46299S,S46201S,,No,
"Unspecified injury of muscle, fascia and tendon of triceps, unspecified arm, initial encounter",S46309A,S46301A,,No,
"Unspecified injury of muscle, fascia and tendon of triceps, unspecified arm, subsequent encounter",S46309D,S46301D,,No,
"Unspecified injury of muscle, fascia and tendon of triceps, unspecified arm, sequela",S46309S,S46301S,,No,
"Other injury of muscle, fascia and tendon of triceps, unspecified arm, initial encounter",S46399A,S46301A,,No,
"Unspecified injury of other muscles, fascia and tendons at shoulder and upper arm level, unspecified arm, initial encounter",S46809A,S46801A,,No,
"Unspecified injury of other muscles, fascia and tendons at shoulder and upper arm level, unspecified arm, subsequent encounter",S46809D,S46801D,,No,
"Unspecified injury of other muscles, fascia and tendons at shoulder and upper arm level, unspecified arm, sequela",S46809S,S46801S,,No,
"Other injury of other muscles, fascia and tendons at shoulder and upper arm level, unspecified arm, initial encounter",S46899A,S46801A,,No,
"Other injury of other muscles, fascia and tendons at shoulder and upper arm level, unspecified arm, subsequent encounter",S46899D,S46801D,,No,
"Other injury of other muscles, fascia and tendons at shoulder and upper arm level, unspecified arm, sequela",S46899S,S46801S,,No,
"Unspecified injury of unspecified muscle, fascia and tendon at shoulder and upper arm level, unspecified arm, initial encounter",S46909A,S46901A,,No,
"Unspecified injury of unspecified muscle, fascia and tendon at shoulder and upper arm level, unspecified arm, subsequent encounter",S46909D,S46901D,,No,
"Unspecified injury of unspecified muscle, fascia and tendon at shoulder and upper arm level, unspecified arm, sequela",S46909S,S46901S,,No,
"Strain of unspecified muscle, fascia and tendon at shoulder and upper arm level, unspecified arm, initial encounter",S46919A,S46911A,,No,
"Strain of unspecified muscle, fascia and tendon at shoulder and upper arm level, unspecified arm, subsequent encounter",S46919D,S46911D,,No,
"Laceration of unspecified muscle, fascia and tendon at shoulder and upper arm level, unspecified arm, initial encounter",S46929A,S46921A,,No,
"Other injury of unspecified muscle, fascia and tendon at shoulder and upper arm level, unspecified arm, initial encounter",S46999A,S46991A,,No,
"Other injury of unspecified muscle, fascia and tendon at shoulder and upper arm level, unspecified arm, subsequent encounter",S46999D,S46991D,,No,
"Other injury of unspecified muscle, fascia and tendon at shoulder and upper arm level, unspecified arm, sequela",S46999S,S46991S,,No,
"Unspecified physeal fracture of upper end of humerus, unspecified arm, initial encounter for closed fracture",S49009A,S49001A,,No,
"Unspecified physeal fracture of upper end of humerus, unspecified arm, subsequent encounter for fracture with routine healing",S49009D,S49001D,,No,
"Unspecified physeal fracture of upper end of humerus, unspecified arm, subsequent encounter for fracture with delayed healing",S49009G,S49001G,,No,
"Unspecified physeal fracture of upper end of humerus, unspecified arm, sequela",S49009S,S49001S,,No,
"Unspecified physeal fracture of lower end of humerus, unspecified arm, initial encounter for closed fracture",S49109A,S49101A,,No,
"Unspecified physeal fracture of lower end of humerus, unspecified arm, subsequent encounter for fracture with routine healing",S49109D,S49101D,,No,
"Unspecified physeal fracture of lower end of humerus, unspecified arm, subsequent encounter for fracture with delayed healing",S49109G,S49101G,,No,
"Unspecified physeal fracture of lower end of humerus, unspecified arm, sequela",S49109S,S49101S,,No,
"Unspecified injury of shoulder and upper arm, unspecified arm, initial encounter",S4990XA,S4991XA,,No,
"Unspecified injury of shoulder and upper arm, unspecified arm, subsequent encounter",S4990XD,S4991XD,,No,
"Unspecified injury of shoulder and upper arm, unspecified arm, sequela",S4990XS,S4991XS,,No,
"Injury of unspecified nerve at forearm level, unspecified arm, initial encounter",S5490XA,S5492XA,,No,
"Injury of unspecified nerve at forearm level, unspecified arm, sequela",S5490XS,S5491XS,,No,
"Unspecified injury of ulnar artery at forearm level, unspecified arm, initial encounter",S55009A,S55001A,,No,
"Unspecified injury of ulnar artery at forearm level, unspecified arm, subsequent encounter",S55009D,S55001D,,No,
"Unspecified injury of ulnar artery at forearm level, unspecified arm, sequela",S55009S,S55001S,,No,
"Other specified injury of ulnar artery at forearm level, unspecified arm, initial encounter",S55099A,S55091A,,No,
"Other specified injury of ulnar artery at forearm level, unspecified arm, subsequent encounter",S55099D,S55091D,,No,
"Unspecified injury of radial artery at forearm level, unspecified arm, initial encounter",S55109A,S55101A,,No,
"Unspecified injury of radial artery at forearm level, unspecified arm, subsequent encounter",S55109D,S55101D,,No,
"Unspecified injury of radial artery at forearm level, unspecified arm, sequela",S55109S,S55102S,,No,
"Unspecified injury of vein at forearm level, unspecified arm, initial encounter",S55209A,S55202A,,No,
"Unspecified injury of vein at forearm level, unspecified arm, subsequent encounter",S55209D,S55201D,,No,
"Unspecified injury of vein at forearm level, unspecified arm, sequela",S55209S,S55201S,,No,
"Unspecified injury of other blood vessels at forearm level, unspecified arm, initial encounter",S55809A,S55801A,,No,
"Unspecified injury of other blood vessels at forearm level, unspecified arm, subsequent encounter",S55809D,S55801D,,No,
"Unspecified injury of other blood vessels at forearm level, unspecified arm, sequela",S55809S,S55801S,,No,
"Unspecified injury of unspecified blood vessel at forearm level, unspecified arm, initial encounter",S55909A,S55901A,,No,
"Unspecified injury of unspecified blood vessel at forearm level, unspecified arm, subsequent encounter",S55909D,S55901D,,No,
"Unspecified injury of unspecified blood vessel at forearm level, unspecified arm, sequela",S55909S,S55901S,,No,
"Laceration of unspecified blood vessel at forearm level, unspecified arm, initial encounter",S55919A,S55911A,,No,
"Laceration of unspecified blood vessel at forearm level, unspecified arm, subsequent encounter",S55919D,S55911D,,No,
"Laceration of unspecified blood vessel at forearm level, unspecified arm, sequela",S55919S,S55911S,,No,
"Other specified injury of unspecified blood vessel at forearm level, unspecified arm, initial encounter",S55999A,S55991A,,No,
"Other specified injury of unspecified blood vessel at forearm level, unspecified arm, subsequent encounter",S55999D,S55991D,,No,
"Other specified injury of unspecified blood vessel at forearm level, unspecified arm, sequela",S55999S,S55992S,,No,
"Unspecified injury of other flexor muscle, fascia and tendon at forearm level, unspecified arm, initial encounter",S56209A,S56201A,,No,
"Unspecified injury of other flexor muscle, fascia and tendon at forearm level, unspecified arm, subsequent encounter",S56209D,S56201D,,No,
"Unspecified injury of other flexor muscle, fascia and tendon at forearm level, unspecified arm, sequela",S56209S,S56201S,,No,
"Other injury of other flexor muscle, fascia and tendon at forearm level, unspecified arm, initial encounter",S56299A,S56201A,,No,
"Other injury of other flexor muscle, fascia and tendon at forearm level, unspecified arm, subsequent encounter",S56299D,S56201D,,No,
"Other injury of other flexor muscle, fascia and tendon at forearm level, unspecified arm, sequela",S56299S,S56201S,,No,
"Unspecified injury of extensor or abductor muscles, fascia and tendons of unspecified thumb at forearm level, initial encounter",S56309A,S56301A,,No,
"Unspecified injury of extensor or abductor muscles, fascia and tendons of unspecified thumb at forearm level, sequela",S56309S,S56301S,,No,
"Unspecified injury of other extensor muscle, fascia and tendon at forearm level, unspecified arm, initial encounter",S56509A,S56501A,,No,
"Unspecified injury of other extensor muscle, fascia and tendon at forearm level, unspecified arm, subsequent encounter",S56509D,S56501D,,No,
"Unspecified injury of other extensor muscle, fascia and tendon at forearm level, unspecified arm, sequela",S56509S,S56501S,,No,
"Other injury of other extensor muscle, fascia and tendon at forearm level, unspecified arm, initial encounter",S56599A,S56501A,,No,
"Other injury of other extensor muscle, fascia and tendon at forearm level, unspecified arm, subsequent encounter",S56599D,S56501D,,No,
"Other injury of other extensor muscle, fascia and tendon at forearm level, unspecified arm, sequela",S56599S,S56501S,,No,
"Unspecified injury of other muscles, fascia and tendons at forearm level, unspecified arm, initial encounter",S56809A,S56801A,,No,
"Unspecified injury of other muscles, fascia and tendons at forearm level, unspecified arm, subsequent encounter",S56809D,S56801D,,No,
"Unspecified injury of other muscles, fascia and tendons at forearm level, unspecified arm, sequela",S56809S,S56801S,,No,
"Other injury of other muscles, fascia and tendons at forearm level, unspecified arm, initial encounter",S56899A,S56801A,,No,
"Other injury of other muscles, fascia and tendons at forearm level, unspecified arm, subsequent encounter",S56899D,S56801D,,No,
"Other injury of other muscles, fascia and tendons at forearm level, unspecified arm, sequela",S56899S,S56801S,,No,
"Unspecified injury of unspecified muscles, fascia and tendons at forearm level, unspecified arm, initial encounter",S56909A,S56901A,,No,
"Unspecified injury of unspecified muscles, fascia and tendons at forearm level, unspecified arm, subsequent encounter",S56909D,S56901D,,No,
"Unspecified injury of unspecified muscles, fascia and tendons at forearm level, unspecified arm, sequela",S56909S,S56901S,,No,
"Strain of unspecified muscles, fascia and tendons at forearm level, unspecified arm, initial encounter",S56919A,S56911A,,No,
"Strain of unspecified muscles, fascia and tendons at forearm level, unspecified arm, subsequent encounter",S56919D,S56911D,,No,
"Strain of unspecified muscles, fascia and tendons at forearm level, unspecified arm, sequela",S56919S,S56911S,,No,
"Laceration of unspecified muscles, fascia and tendons at forearm level, unspecified arm, initial encounter",S56929A,S56921A,,No,
"Laceration of unspecified muscles, fascia and tendons at forearm level, unspecified arm, subsequent encounter",S56929D,S56921D,,No,
"Laceration of unspecified muscles, fascia and tendons at forearm level, unspecified arm, sequela",S56929S,S56921S,,No,
"Other injury of unspecified muscles, fascia and tendons at forearm level, right arm, initial encounter",S56991A,S56801A,,No,
"Other injury of unspecified muscles, fascia and tendons at forearm level, right arm, subsequent encounter",S56991D,S56801D,,No,
"Other injury of unspecified muscles, fascia and tendons at forearm level, left arm, initial encounter",S56992A,S56802A,,No,
"Other injury of unspecified muscles, fascia and tendons at forearm level, unspecified arm, initial encounter",S56999A,S56991A,,No,
"Other injury of unspecified muscles, fascia and tendons at forearm level, unspecified arm, subsequent encounter",S56999D,S56991D,,No,
"Other injury of unspecified muscles, fascia and tendons at forearm level, unspecified arm, sequela",S56999S,S56991S,,No,
"Unspecified physeal fracture of lower end of ulna, unspecified arm, initial encounter for closed fracture",S59009A,S59001A,,No,
"Unspecified physeal fracture of lower end of ulna, unspecified arm, subsequent encounter for fracture with routine healing",S59009D,S59001D,,No,
"Unspecified physeal fracture of lower end of ulna, unspecified arm, subsequent encounter for fracture with delayed healing",S59009G,S59001G,,No,
"Unspecified physeal fracture of lower end of ulna, unspecified arm, subsequent encounter for fracture with nonunion",S59009K,S59001K,,No,
"Unspecified physeal fracture of lower end of ulna, unspecified arm, subsequent encounter for fracture with malunion",S59009P,S59001P,,No,
"Unspecified physeal fracture of lower end of ulna, unspecified arm, sequela",S59009S,S59001S,,No,
"Unspecified physeal fracture of upper end of radius, unspecified arm, initial encounter for closed fracture",S59109A,S59101A,,No,
"Unspecified physeal fracture of upper end of radius, unspecified arm, subsequent encounter for fracture with routine healing",S59109D,S59101D,,No,
"Unspecified physeal fracture of upper end of radius, unspecified arm, subsequent encounter for fracture with delayed healing",S59109G,S59101G,,No,
"Unspecified physeal fracture of upper end of radius, unspecified arm, subsequent encounter for fracture with nonunion",S59109K,S59101K,,No,
"Unspecified physeal fracture of upper end of radius, unspecified arm, subsequent encounter for fracture with malunion",S59109P,S59101P,,No,
"Unspecified physeal fracture of upper end of radius, unspecified arm, sequela",S59109S,S59102S,,No,
"Unspecified physeal fracture of lower end of radius, unspecified arm, initial encounter for closed fracture",S59209A,S59201A,,No,
"Unspecified physeal fracture of lower end of radius, unspecified arm, subsequent encounter for fracture with routine healing",S59209D,S59201D,,No,
"Unspecified physeal fracture of lower end of radius, unspecified arm, subsequent encounter for fracture with delayed healing",S59209G,S59201G,,No,
"Unspecified physeal fracture of lower end of radius, unspecified arm, subsequent encounter for fracture with nonunion",S59209K,S59201K,,No,
"Unspecified physeal fracture of lower end of radius, unspecified arm, subsequent encounter for fracture with malunion",S59209P,S59201P,,No,
"Unspecified physeal fracture of lower end of radius, unspecified arm, sequela",S59209S,S59202S,,No,
"Laceration without foreign body of right thumb with damage to nail, subsequent encounter",S61111D,S61011D,,No,
"Laceration without foreign body of left thumb with damage to nail, subsequent encounter",S61112D,S61012D,,No,
"Laceration without foreign body of unspecified thumb with damage to nail, initial encounter",S61119A,S61019A,,No,
"Laceration without foreign body of unspecified thumb with damage to nail, subsequent encounter",S61119D,S61019D,,No,
"Laceration without foreign body of unspecified thumb with damage to nail, sequela",S61119S,S61019S,,No,
"Puncture wound without foreign body of right thumb with damage to nail, subsequent encounter",S61131D,S61031D,,No,
"Puncture wound without foreign body of left thumb with damage to nail, subsequent encounter",S61132D,S61032D,,No,
"Puncture wound without foreign body of unspecified thumb with damage to nail, initial encounter",S61139A,S61039A,,No,
"Puncture wound without foreign body of unspecified thumb with damage to nail, subsequent encounter",S61139D,S61039D,,No,
"Puncture wound without foreign body of unspecified thumb with damage to nail, sequela",S61139S,S61039S,,No,
"Laceration without foreign body of right index finger with damage to nail, initial encounter",S61310A,S61210A,,No,
"Laceration without foreign body of right index finger with damage to nail, subsequent encounter",S61310D,S61210D,,No,
"Laceration without foreign body of right index finger with damage to nail, sequela",S61310S,S61210S,,No,
"Laceration without foreign body of left index finger with damage to nail, initial encounter",S61311A,S61211A,,No,
"Laceration without foreign body of left index finger with damage to nail, subsequent encounter",S61311D,S61211D,,No,
"Laceration without foreign body of left index finger with damage to nail, sequela",S61311S,S61211S,,No,
"Laceration without foreign body of right middle finger with damage to nail, initial encounter",S61312A,S61212A,,No,
"Laceration without foreign body of right middle finger with damage to nail, subsequent encounter",S61312D,S61212D,,No,
"Laceration without foreign body of right middle finger with damage to nail, sequela",S61312S,S61212S,,No,
"Laceration without foreign body of left middle finger with damage to nail, initial encounter",S61313A,S61213A,,No,
"Laceration without foreign body of left middle finger with damage to nail, subsequent encounter",S61313D,S61213D,,No,
"Laceration without foreign body of left middle finger with damage to nail, sequela",S61313S,S61213S,,No,
"Laceration without foreign body of right ring finger with damage to nail, initial encounter",S61314A,S61214A,,No,
"Laceration without foreign body of right ring finger with damage to nail, subsequent encounter",S61314D,S61214D,,No,
"Laceration without foreign body of right ring finger with damage to nail, sequela",S61314S,S61214S,,No,
"Laceration without foreign body of left ring finger with damage to nail, initial encounter",S61315A,S61215A,,No,
"Laceration without foreign body of left ring finger with damage to nail, subsequent encounter",S61315D,S61215D,,No,
"Laceration without foreign body of left ring finger with damage to nail, sequela",S61315S,S61215S,,No,
"Laceration without foreign body of right little finger with damage to nail, subsequent encounter",S61316D,S61216D,,No,
"Laceration without foreign body of left little finger with damage to nail, subsequent encounter",S61317D,S61217D,,No,
"Laceration without foreign body of other finger with damage to nail, subsequent encounter",S61318D,S61218D,,No,
"Laceration without foreign body of unspecified finger with damage to nail, subsequent encounter",S61319D,S61219D,,No,
"Puncture wound without foreign body of right index finger with damage to nail, initial encounter",S61330A,S61230A,,No,
"Puncture wound without foreign body of right index finger with damage to nail, subsequent encounter",S61330D,S61230D,,No,
"Puncture wound without foreign body of right index finger with damage to nail, sequela",S61330S,S61230S,,No,
"Puncture wound without foreign body of left index finger with damage to nail, initial encounter",S61331A,S61231A,,No,
"Puncture wound without foreign body of left index finger with damage to nail, subsequent encounter",S61331D,S61231D,,No,
"Puncture wound without foreign body of left index finger with damage to nail, sequela",S61331S,S61231S,,No,
"Puncture wound without foreign body of right middle finger with damage to nail, initial encounter",S61332A,S61232A,,No,
"Puncture wound without foreign body of right middle finger with damage to nail, subsequent encounter",S61332D,S61232D,,No,
"Puncture wound without foreign body of right middle finger with damage to nail, sequela",S61332S,S61232S,,No,
"Puncture wound without foreign body of left middle finger with damage to nail, initial encounter",S61333A,S61233A,,No,
"Puncture wound without foreign body of left middle finger with damage to nail, subsequent encounter",S61333D,S61233D,,No,
"Puncture wound without foreign body of left middle finger with damage to nail, sequela",S61333S,S61233S,,No,
"Puncture wound without foreign body of right ring finger with damage to nail, initial encounter",S61334A,S61234A,,No,
"Puncture wound without foreign body of right ring finger with damage to nail, subsequent encounter",S61334D,S61234D,,No,
"Puncture wound without foreign body of right ring finger with damage to nail, sequela",S61334S,S61234S,,No,
"Puncture wound without foreign body of left ring finger with damage to nail, initial encounter",S61335A,S61235A,,No,
"Puncture wound without foreign body of left ring finger with damage to nail, subsequent encounter",S61335D,S61235D,,No,
"Puncture wound without foreign body of left ring finger with damage to nail, sequela",S61335S,S61235S,,No,
"Puncture wound without foreign body of right little finger with damage to nail, initial encounter",S61336A,S61236A,,No,
"Puncture wound without foreign body of right little finger with damage to nail, subsequent encounter",S61336D,S61236D,,No,
"Puncture wound without foreign body of right little finger with damage to nail, sequela",S61336S,S61236S,,No,
"Puncture wound without foreign body of left little finger with damage to nail, initial encounter",S61337A,S61237A,,No,
"Puncture wound without foreign body of left little finger with damage to nail, subsequent encounter",S61337D,S61237D,,No,
"Puncture wound without foreign body of left little finger with damage to nail, sequela",S61337S,S61237S,,No,
"Puncture wound without foreign body of other finger with damage to nail, initial encounter",S61338A,S61238A,,No,
"Puncture wound without foreign body of other finger with damage to nail, subsequent encounter",S61338D,S61238D,,No,
"Puncture wound without foreign body of other finger with damage to nail, sequela",S61338S,S61238S,,No,
"Puncture wound without foreign body of unspecified finger with damage to nail, initial encounter",S61339A,S61239A,,No,
"Puncture wound without foreign body of unspecified finger with damage to nail, subsequent encounter",S61339D,S61239D,,No,
"Puncture wound without foreign body of unspecified finger with damage to nail, sequela",S61339S,S61239S,,No,
"Unspecified fracture of navicular [scaphoid] bone of unspecified wrist, initial encounter for closed fracture",S62009A,S62001A,,No,
"Unspecified fracture of navicular [scaphoid] bone of unspecified wrist, initial encounter for open fracture",S62009B,S62001B,,No,
"Fracture of unspecified carpal bone, unspecified wrist, initial encounter for closed fracture",S62109A,S62101A,,No,
"Fracture of unspecified carpal bone, unspecified wrist, initial encounter for open fracture",S62109B,S62101B,,No,
"Fracture of unspecified carpal bone, unspecified wrist, subsequent encounter for fracture with routine healing",S62109D,S62101D,,No,
"Fracture of unspecified carpal bone, unspecified wrist, subsequent encounter for fracture with delayed healing",S62109G,S62101G,,No,
"Fracture of unspecified carpal bone, unspecified wrist, subsequent encounter for fracture with nonunion",S62109K,S62101K,,No,
"Fracture of unspecified carpal bone, unspecified wrist, subsequent encounter for fracture with malunion",S62109P,S62101P,,No,
"Fracture of unspecified carpal bone, unspecified wrist, sequela",S62109S,S62101S,,No,
"Unspecified fracture of first metacarpal bone, unspecified hand, initial encounter for closed fracture",S62209A,S62201A,,No,
"Unspecified fracture of first metacarpal bone, unspecified hand, initial encounter for open fracture",S62209B,S62201B,,No,
"Unspecified fracture of first metacarpal bone, unspecified hand, subsequent encounter for fracture with routine healing",S62209D,S62201D,,No,
"Unspecified fracture of first metacarpal bone, unspecified hand, subsequent encounter for fracture with delayed healing",S62209G,S62201G,,No,
"Unspecified fracture of first metacarpal bone, unspecified hand, subsequent encounter for fracture with nonunion",S62209K,S62201K,,No,
"Unspecified fracture of first metacarpal bone, unspecified hand, subsequent encounter for fracture with malunion",S62209P,S62201P,,No,
"Unspecified fracture of first metacarpal bone, unspecified hand, sequela",S62209S,S62201S,,No,
"Other fracture of unspecified metacarpal bone, initial encounter for closed fracture",S62399A,S62308A,,No,
"Other fracture of unspecified metacarpal bone, initial encounter for open fracture",S62399B,S62308B,,No,
"Other fracture of unspecified metacarpal bone, subsequent encounter for fracture with routine healing",S62399D,S62308D,,No,
"Other fracture of unspecified metacarpal bone, subsequent encounter for fracture with delayed healing",S62399G,S62308G,,No,
"Other fracture of unspecified metacarpal bone, subsequent encounter for fracture with nonunion",S62399K,S62308K,,No,
"Other fracture of unspecified metacarpal bone, subsequent encounter for fracture with malunion",S62399P,S62308P,,No,
"Fracture of unspecified phalanx of unspecified thumb, initial encounter for closed fracture",S62509A,S62501A,,No,
"Fracture of unspecified phalanx of unspecified thumb, initial encounter for open fracture",S62509B,S62501B,,No,
"Injury of unspecified nerve at wrist and hand level of unspecified arm, initial encounter",S6490XA,S6491XA,,No,
"Injury of unspecified nerve at wrist and hand level of unspecified arm, subsequent encounter",S6490XD,S6491XD,,No,
"Injury of unspecified nerve at wrist and hand level of unspecified arm, sequela",S6490XS,S6492XS,,No,
"Unspecified injury of ulnar artery at wrist and hand level of unspecified arm, initial encounter",S65009A,S65001A,,No,
"Unspecified injury of radial artery at wrist and hand level of unspecified arm, initial encounter",S65109A,S65101A,,No,
"Unspecified injury of radial artery at wrist and hand level of unspecified arm, sequela",S65109S,S65101S,,No,
"Unspecified injury of superficial palmar arch of unspecified hand, subsequent encounter",S65209D,S65201D,,No,
"Unspecified injury of deep palmar arch of unspecified hand, initial encounter",S65309A,S65301A,,No,
"Unspecified injury of deep palmar arch of unspecified hand, subsequent encounter",S65309D,S65301D,,No,
"Unspecified injury of deep palmar arch of unspecified hand, sequela",S65309S,S65301S,,No,
"Unspecified injury of other blood vessels at wrist and hand level of unspecified arm, sequela",S65809S,S65801S,,No,
"Unspecified injury of unspecified blood vessel at wrist and hand level of unspecified arm, initial encounter",S65909A,S65901A,,No,
"Unspecified injury of unspecified blood vessel at wrist and hand level of unspecified arm, subsequent encounter",S65909D,S65901D,,No,
"Unspecified injury of unspecified blood vessel at wrist and hand level of unspecified arm, sequela",S65909S,S65901S,,No,
"Laceration of unspecified blood vessel at wrist and hand level of unspecified arm, initial encounter",S65919A,S65911A,,No,
"Unspecified injury of long flexor muscle, fascia and tendon of unspecified thumb at wrist and hand level, initial encounter",S66009A,S66001A,,No,
"Unspecified injury of extensor muscle, fascia and tendon of unspecified thumb at wrist and hand level, initial encounter",S66209A,S66201A,,No,
"Unspecified injury of other specified muscles, fascia and tendons at wrist and hand level, unspecified hand, initial encounter",S66809A,S66801A,,No,
"Unspecified injury of other specified muscles, fascia and tendons at wrist and hand level, unspecified hand, subsequent encounter",S66809D,S66801D,,No,
"Unspecified injury of other specified muscles, fascia and tendons at wrist and hand level, unspecified hand, sequela",S66809S,S66801S,,No,
"Other injury of other specified muscles, fascia and tendons at wrist and hand level, unspecified hand, initial encounter",S66899A,S66801A,,No,
"Other injury of other specified muscles, fascia and tendons at wrist and hand level, unspecified hand, subsequent encounter",S66899D,S66801D,,No,
"Other injury of other specified muscles, fascia and tendons at wrist and hand level, unspecified hand, sequela",S66899S,S66801S,,No,
"Unspecified injury of unspecified muscle, fascia and tendon at wrist and hand level, unspecified hand, initial encounter",S66909A,S66901A,,No,
"Unspecified injury of unspecified muscle, fascia and tendon at wrist and hand level, unspecified hand, subsequent encounter",S66909D,S66901D,,No,
"Unspecified injury of unspecified muscle, fascia and tendon at wrist and hand level, unspecified hand, sequela",S66909S,S66901S,,No,
"Strain of unspecified muscle, fascia and tendon at wrist and hand level, unspecified hand, initial encounter",S66919A,S66911A,,No,
"Strain of unspecified muscle, fascia and tendon at wrist and hand level, unspecified hand, subsequent encounter",S66919D,S66911D,,No,
"Strain of unspecified muscle, fascia and tendon at wrist and hand level, unspecified hand, sequela",S66919S,S66911S,,No,
"Laceration of unspecified muscle, fascia and tendon at wrist and hand level, unspecified hand, initial encounter",S66929A,S66921A,,No,
"Laceration of unspecified muscle, fascia and tendon at wrist and hand level, unspecified hand, sequela",S66929S,S66921S,,No,
"Other injury of unspecified muscle, fascia and tendon at wrist and hand level, unspecified hand, initial encounter",S66999A,S66991A,,No,
"Other injury of unspecified muscle, fascia and tendon at wrist and hand level, unspecified hand, subsequent encounter",S66999D,S66991D,,No,
"Other injury of unspecified muscle, fascia and tendon at wrist and hand level, unspecified hand, sequela",S66999S,S66991S,,No,
"Injury of unspecified nerve at hip and thigh level, unspecified leg, initial encounter",S7490XA,S7491XA,,No,
"Injury of unspecified nerve at hip and thigh level, unspecified leg, subsequent encounter",S7490XD,S7491XD,,No,
"Injury of unspecified nerve at hip and thigh level, unspecified leg, sequela",S7490XS,S7491XS,,No,
"Unspecified injury of femoral artery, unspecified leg, initial encounter",S75009A,S75001A,,No,
"Unspecified injury of femoral artery, unspecified leg, subsequent encounter",S75009D,S75001D,,No,
"Unspecified injury of femoral artery, unspecified leg, sequela",S75009S,S75001S,,No,
"Unspecified injury of femoral vein at hip and thigh level, unspecified leg, initial encounter",S75109A,S75101A,,No,
"Unspecified injury of femoral vein at hip and thigh level, unspecified leg, subsequent encounter",S75109D,S75101D,,No,
"Unspecified injury of femoral vein at hip and thigh level, unspecified leg, sequela",S75109S,S75101S,,No,
"Unspecified injury of greater saphenous vein at hip and thigh level, unspecified leg, initial encounter",S75209A,S75201A,,No,
"Unspecified injury of greater saphenous vein at hip and thigh level, unspecified leg, subsequent encounter",S75209D,S75201D,,No,
"Unspecified injury of greater saphenous vein at hip and thigh level, unspecified leg, sequela",S75209S,S75201S,,No,
"Unspecified injury of other blood vessels at hip and thigh level, unspecified leg, initial encounter",S75809A,S75801A,,No,
"Unspecified injury of other blood vessels at hip and thigh level, unspecified leg, subsequent encounter",S75809D,S75801D,,No,
"Unspecified injury of other blood vessels at hip and thigh level, unspecified leg, sequela",S75809S,S75801S,,No,
"Unspecified injury of unspecified blood vessel at hip and thigh level, unspecified leg, initial encounter",S75909A,S75901A,,No,
"Unspecified injury of unspecified blood vessel at hip and thigh level, unspecified leg, subsequent encounter",S75909D,S75901D,,No,
"Unspecified injury of unspecified blood vessel at hip and thigh level, unspecified leg, sequela",S75909S,S75901S,,No,
"Laceration of unspecified blood vessel at hip and thigh level, unspecified leg, initial encounter",S75919A,S75911A,,No,
"Laceration of unspecified blood vessel at hip and thigh level, unspecified leg, subsequent encounter",S75919D,S75911D,,No,
"Laceration of unspecified blood vessel at hip and thigh level, unspecified leg, sequela",S75919S,S75911S,,No,
"Other specified injury of unspecified blood vessel at hip and thigh level, unspecified leg, initial encounter",S75999A,S75991A,,No,
"Other specified injury of unspecified blood vessel at hip and thigh level, unspecified leg, subsequent encounter",S75999D,S75991D,,No,
"Other specified injury of unspecified blood vessel at hip and thigh level, unspecified leg, sequela",S75999S,S75992S,,No,
"Unspecified injury of adductor muscle, fascia and tendon of unspecified thigh, sequela",S76209S,S76201S,,No,
"Unspecified injury of muscle, fascia and tendon of the posterior muscle group at thigh level, unspecified thigh, initial encounter",S76309A,S76301A,,No,
"Unspecified injury of muscle, fascia and tendon of the posterior muscle group at thigh level, unspecified thigh, subsequent encounter",S76309D,S76301D,,No,
"Unspecified injury of muscle, fascia and tendon of the posterior muscle group at thigh level, unspecified thigh, sequela",S76309S,S76301S,,No,
"Unspecified injury of other specified muscles, fascia and tendons at thigh level, unspecified thigh, initial encounter",S76809A,S76801A,,No,
"Unspecified injury of other specified muscles, fascia and tendons at thigh level, unspecified thigh, subsequent encounter",S76809D,S76801D,,No,
"Unspecified injury of other specified muscles, fascia and tendons at thigh level, unspecified thigh, sequela",S76809S,S76801S,,No,
"Other injury of other specified muscles, fascia and tendons at thigh level, unspecified thigh, initial encounter",S76899A,S76801A,,No,
"Other injury of other specified muscles, fascia and tendons at thigh level, unspecified thigh, subsequent encounter",S76899D,S76801D,,No,
"Other injury of other specified muscles, fascia and tendons at thigh level, unspecified thigh, sequela",S76899S,S76801S,,No,
"Unspecified injury of unspecified muscles, fascia and tendons at thigh level, unspecified thigh, initial encounter",S76909A,S76901A,,No,
"Unspecified injury of unspecified muscles, fascia and tendons at thigh level, unspecified thigh, subsequent encounter",S76909D,S76901D,,No,
"Unspecified injury of unspecified muscles, fascia and tendons at thigh level, unspecified thigh, sequela",S76909S,S76901S,,No,
"Strain of unspecified muscles, fascia and tendons at thigh level, unspecified thigh, initial encounter",S76919A,S76911A,,No,
"Strain of unspecified muscles, fascia and tendons at thigh level, unspecified thigh, subsequent encounter",S76919D,S76911D,,No,
"Strain of unspecified muscles, fascia and tendons at thigh level, unspecified thigh, sequela",S76919S,S76911S,,No,
"Laceration of unspecified muscles, fascia and tendons at thigh level, unspecified thigh, initial encounter",S76929A,S76921A,,No,
"Laceration of unspecified muscles, fascia and tendons at thigh level, unspecified thigh, subsequent encounter",S76929D,S76921D,,No,
"Laceration of unspecified muscles, fascia and tendons at thigh level, unspecified thigh, sequela",S76929S,S76921S,,No,
"Other specified injury of unspecified muscles, fascia and tendons at thigh level, right thigh, initial encounter",S76991A,S76801A,,No,
"Other specified injury of unspecified muscles, fascia and tendons at thigh level, unspecified thigh, initial encounter",S76999A,S76991A,,No,
"Other specified injury of unspecified muscles, fascia and tendons at thigh level, unspecified thigh, subsequent encounter",S76999D,S76991D,,No,
"Other specified injury of unspecified muscles, fascia and tendons at thigh level, unspecified thigh, sequela",S76999S,S76991S,,No,
"Bucket-handle tear of unspecified meniscus, current injury, unspecified knee, initial encounter",S83202A,S83200A,,No,
"Bucket-handle tear of unspecified meniscus, current injury, unspecified knee, subsequent encounter",S83202D,S83200D,,No,
"Bucket-handle tear of unspecified meniscus, current injury, unspecified knee, sequela",S83202S,S83201S,,No,
"Other tear of unspecified meniscus, current injury, unspecified knee, initial encounter",S83205A,S83203A,,No,
"Other tear of unspecified meniscus, current injury, unspecified knee, subsequent encounter",S83205D,S83203D,,No,
"Other tear of unspecified meniscus, current injury, unspecified knee, sequela",S83205S,S83203S,,No,
"Unspecified tear of unspecified meniscus, current injury, unspecified knee, initial encounter",S83209A,S83206A,,No,
"Unspecified tear of unspecified meniscus, current injury, unspecified knee, subsequent encounter",S83209D,S83206D,,No,
"Unspecified tear of unspecified meniscus, current injury, unspecified knee, sequela",S83209S,S83206S,,No,
"Sprain of unspecified cruciate ligament of unspecified knee, initial encounter",S83509A,S83519A,,No,
"Sprain of unspecified cruciate ligament of unspecified knee, subsequent encounter",S83509D,S83519D,,No,
"Sprain of unspecified cruciate ligament of unspecified knee, sequela",S83509S,S83519S,,No,
"Injury of unspecified nerve at lower leg level, unspecified leg, initial encounter",S8490XA,S8492XA,,No,
"Injury of unspecified nerve at lower leg level, unspecified leg, subsequent encounter",S8490XD,S8491XD,,No,
"Injury of unspecified nerve at lower leg level, unspecified leg, sequela",S8490XS,S8491XS,,No,
"Unspecified injury of popliteal artery, unspecified leg, initial encounter",S85009A,S85001A,,No,
"Unspecified injury of popliteal artery, unspecified leg, subsequent encounter",S85009D,S85001D,,No,
"Unspecified injury of popliteal artery, unspecified leg, sequela",S85009S,S85001S,,No,
"Unspecified injury of unspecified tibial artery, unspecified leg, initial encounter",S85109A,S85101A,,No,
"Unspecified injury of unspecified tibial artery, unspecified leg, subsequent encounter",S85109D,S85101D,,No,
"Unspecified injury of unspecified tibial artery, unspecified leg, sequela",S85109S,S85101S,,No,
"Other specified injury of unspecified tibial artery, unspecified leg, initial encounter",S85129A,S85121A,,No,
"Other specified injury of unspecified tibial artery, unspecified leg, subsequent encounter",S85129D,S85121D,,No,
"Other specified injury of unspecified tibial artery, unspecified leg, sequela",S85129S,S85121S,,No,
"Unspecified injury of anterior tibial artery, unspecified leg, initial encounter",S85139A,S85131A,,No,
"Unspecified injury of anterior tibial artery, unspecified leg, subsequent encounter",S85139D,S85131D,,No,
"Unspecified injury of anterior tibial artery, unspecified leg, sequela",S85139S,S85131S,,No,
"Unspecified injury of posterior tibial artery, unspecified leg, initial encounter",S85169A,S85161A,,No,
"Unspecified injury of posterior tibial artery, unspecified leg, subsequent encounter",S85169D,S85161D,,No,
"Unspecified injury of posterior tibial artery, unspecified leg, sequela",S85169S,S85161S,,No,
"Unspecified injury of peroneal artery, unspecified leg, initial encounter",S85209A,S85201A,,No,
"Unspecified injury of peroneal artery, unspecified leg, subsequent encounter",S85209D,S85201D,,No,
"Unspecified injury of peroneal artery, unspecified leg, sequela",S85209S,S85201S,,No,
"Unspecified injury of greater saphenous vein at lower leg level, unspecified leg, initial encounter",S85309A,S85301A,,No,
"Unspecified injury of greater saphenous vein at lower leg level, unspecified leg, subsequent encounter",S85309D,S85301D,,No,
"Unspecified injury of greater saphenous vein at lower leg level, unspecified leg, sequela",S85309S,S85301S,,No,
"Unspecified injury of lesser saphenous vein at lower leg level, unspecified leg, initial encounter",S85409A,S85401A,,No,
"Unspecified injury of lesser saphenous vein at lower leg level, unspecified leg, subsequent encounter",S85409D,S85401D,,No,
"Unspecified injury of lesser saphenous vein at lower leg level, unspecified leg, sequela",S85409S,S85401S,,No,
"Unspecified injury of popliteal vein, unspecified leg, initial encounter",S85509A,S85501A,,No,
"Unspecified injury of popliteal vein, unspecified leg, subsequent encounter",S85509D,S85501D,,No,
"Unspecified injury of popliteal vein, unspecified leg, sequela",S85509S,S85501S,,No,
"Unspecified injury of other blood vessels at lower leg level, unspecified leg, initial encounter",S85809A,S85801A,,No,
"Unspecified injury of other blood vessels at lower leg level, unspecified leg, subsequent encounter",S85809D,S85801D,,No,
"Unspecified injury of other blood vessels at lower leg level, unspecified leg, sequela",S85809S,S85802S,,No,
"Unspecified injury of unspecified blood vessel at lower leg level, unspecified leg, initial encounter",S85909A,S85901A,,No,
"Unspecified injury of unspecified blood vessel at lower leg level, unspecified leg, subsequent encounter",S85909D,S85901D,,No,
"Unspecified injury of unspecified blood vessel at lower leg level, unspecified leg, sequela",S85909S,S85901S,,No,
"Laceration of unspecified blood vessel at lower leg level, unspecified leg, initial encounter",S85919A,S85911A,,No,
"Laceration of unspecified blood vessel at lower leg level, unspecified leg, subsequent encounter",S85919D,S85911D,,No,
"Laceration of unspecified blood vessel at lower leg level, unspecified leg, sequela",S85919S,S85911S,,No,
"Other specified injury of unspecified blood vessel at lower leg level, unspecified leg, initial encounter",S85999A,S85991A,,No,
"Other specified injury of unspecified blood vessel at lower leg level, unspecified leg, subsequent encounter",S85999D,S85991D,,No,
"Other specified injury of unspecified blood vessel at lower leg level, unspecified leg, sequela",S85999S,S85991S,,No,
"Unspecified injury of other muscle(s) and tendon(s) of posterior muscle group at lower leg level, unspecified leg, initial encounter",S86109A,S86101A,,No,
"Unspecified injury of other muscle(s) and tendon(s) of posterior muscle group at lower leg level, unspecified leg, subsequent encounter",S86109D,S86101D,,No,
"Unspecified injury of other muscle(s) and tendon(s) of posterior muscle group at lower leg level, unspecified leg, sequela",S86109S,S86101S,,No,
"Other injury of other muscle(s) and tendon(s) of posterior muscle group at lower leg level, unspecified leg, initial encounter",S86199A,S86101A,,No,
"Other injury of other muscle(s) and tendon(s) of posterior muscle group at lower leg level, unspecified leg, subsequent encounter",S86199D,S86101D,,No,
"Other injury of other muscle(s) and tendon(s) of posterior muscle group at lower leg level, unspecified leg, sequela",S86199S,S86101S,,No,
"Unspecified injury of muscle(s) and tendon(s) of anterior muscle group at lower leg level, unspecified leg, initial encounter",S86209A,S86201A,,No,
"Unspecified injury of muscle(s) and tendon(s) of anterior muscle group at lower leg level, unspecified leg, subsequent encounter",S86209D,S86201D,,No,
"Unspecified injury of muscle(s) and tendon(s) of anterior muscle group at lower leg level, unspecified leg, sequela",S86209S,S86201S,,No,
"Unspecified injury of muscle(s) and tendon(s) of peroneal muscle group at lower leg level, unspecified leg, initial encounter",S86309A,S86301A,,No,
"Unspecified injury of muscle(s) and tendon(s) of peroneal muscle group at lower leg level, unspecified leg, subsequent encounter",S86309D,S86301D,,No,
"Unspecified injury of muscle(s) and tendon(s) of peroneal muscle group at lower leg level, unspecified leg, sequela",S86309S,S86301S,,No,
"Unspecified injury of other muscle(s) and tendon(s) at lower leg level, unspecified leg, initial encounter",S86809A,S86801A,,No,
"Unspecified injury of other muscle(s) and tendon(s) at lower leg level, unspecified leg, subsequent encounter",S86809D,S86801D,,No,
"Unspecified injury of other muscle(s) and tendon(s) at lower leg level, unspecified leg, sequela",S86809S,S86801S,,No,
"Other injury of other muscle(s) and tendon(s) at lower leg level, unspecified leg, initial encounter",S86899A,S86801A,,No,
"Other injury of other muscle(s) and tendon(s) at lower leg level, unspecified leg, subsequent encounter",S86899D,S86801D,,No,
"Other injury of other muscle(s) and tendon(s) at lower leg level, unspecified leg, sequela",S86899S,S86801S,,No,
"Unspecified injury of unspecified muscle(s) and tendon(s) at lower leg level, unspecified leg, initial encounter",S86909A,S86901A,,No,
"Unspecified injury of unspecified muscle(s) and tendon(s) at lower leg level, unspecified leg, subsequent encounter",S86909D,S86901D,,No,
"Unspecified injury of unspecified muscle(s) and tendon(s) at lower leg level, unspecified leg, sequela",S86909S,S86901S,,No,
"Strain of unspecified muscle(s) and tendon(s) at lower leg level, unspecified leg, initial encounter",S86919A,S86911A,,No,
"Strain of unspecified muscle(s) and tendon(s) at lower leg level, unspecified leg, subsequent encounter",S86919D,S86911D,,No,
"Strain of unspecified muscle(s) and tendon(s) at lower leg level, unspecified leg, sequela",S86919S,S86911S,,No,
"Laceration of unspecified muscle(s) and tendon(s) at lower leg level, unspecified leg, initial encounter",S86929A,S86921A,,No,
"Laceration of unspecified muscle(s) and tendon(s) at lower leg level, unspecified leg, subsequent encounter",S86929D,S86921D,,No,
"Laceration of unspecified muscle(s) and tendon(s) at lower leg level, unspecified leg, sequela",S86929S,S86921S,,No,
"Other injury of unspecified muscle(s) and tendon(s) at lower leg level, unspecified leg, initial encounter",S86999A,S86991A,,No,
"Other injury of unspecified muscle(s) and tendon(s) at lower leg level, unspecified leg, subsequent encounter",S86999D,S86991D,,No,
"Other injury of unspecified muscle(s) and tendon(s) at lower leg level, unspecified leg, sequela",S86999S,S86991S,,No,
"Laceration without foreign body of right great toe with damage to nail, subsequent encounter",S91211D,S91111D,,No,
"Laceration without foreign body of left great toe with damage to nail, subsequent encounter",S91212D,S91112D,,No,
"Laceration without foreign body of unspecified great toe with damage to nail, initial encounter",S91213A,S91113A,,No,
"Laceration without foreign body of unspecified great toe with damage to nail, subsequent encounter",S91213D,S91113D,,No,
"Laceration without foreign body of unspecified great toe with damage to nail, sequela",S91213S,S91113S,,No,
"Laceration without foreign body of right lesser toe(s) with damage to nail, initial encounter",S91214A,S91114A,,No,
"Laceration without foreign body of right lesser toe(s) with damage to nail, subsequent encounter",S91214D,S91114D,,No,
"Laceration without foreign body of right lesser toe(s) with damage to nail, sequela",S91214S,S91114S,,No,
"Laceration without foreign body of left lesser toe(s) with damage to nail, initial encounter",S91215A,S91115A,,No,
"Laceration without foreign body of left lesser toe(s) with damage to nail, subsequent encounter",S91215D,S91115D,,No,
"Laceration without foreign body of left lesser toe(s) with damage to nail, sequela",S91215S,S91115S,,No,
"Laceration without foreign body of unspecified lesser toe(s) with damage to nail, initial encounter",S91216A,S91116A,,No,
"Laceration without foreign body of unspecified lesser toe(s) with damage to nail, subsequent encounter",S91216D,S91116D,,No,
"Laceration without foreign body of unspecified lesser toe(s) with damage to nail, sequela",S91216S,S91116S,,No,
"Laceration without foreign body of unspecified toe(s) with damage to nail, subsequent encounter",S91219D,S91119D,,No,
"Laceration without foreign body of unspecified toe(s) with damage to nail, sequela",S91219S,S91119S,,No,
"Puncture wound without foreign body of right great toe with damage to nail, subsequent encounter",S91231D,S91131D,,No,
"Puncture wound without foreign body of right great toe with damage to nail, sequela",S91231S,S91131S,,No,
"Puncture wound without foreign body of left great toe with damage to nail, initial encounter",S91232A,S91132A,,No,
"Puncture wound without foreign body of left great toe with damage to nail, subsequent encounter",S91232D,S91132D,,No,
"Puncture wound without foreign body of unspecified great toe with damage to nail, initial encounter",S91233A,S91133A,,No,
"Puncture wound without foreign body of unspecified great toe with damage to nail, subsequent encounter",S91233D,S91133D,,No,
"Puncture wound without foreign body of unspecified great toe with damage to nail, sequela",S91233S,S91133S,,No,
"Puncture wound without foreign body of right lesser toe(s) with damage to nail, subsequent encounter",S91234D,S91134D,,No,
"Puncture wound without foreign body of right lesser toe(s) with damage to nail, sequela",S91234S,S91134S,,No,
"Puncture wound without foreign body of left lesser toe(s) with damage to nail, subsequent encounter",S91235D,S91135D,,No,
"Puncture wound without foreign body of left lesser toe(s) with damage to nail, sequela",S91235S,S91135S,,No,
"Puncture wound without foreign body of unspecified lesser toe(s) with damage to nail, initial encounter",S91236A,S91136A,,No,
"Puncture wound without foreign body of unspecified lesser toe(s) with damage to nail, subsequent encounter",S91236D,S91136D,,No,
"Puncture wound without foreign body of unspecified lesser toe(s) with damage to nail, sequela",S91236S,S91136S,,No,
"Puncture wound without foreign body of unspecified toe(s) with damage to nail, initial encounter",S91239A,S91139A,,No,
"Puncture wound without foreign body of unspecified toe(s) with damage to nail, subsequent encounter",S91239D,S91139D,,No,
"Puncture wound without foreign body of unspecified toe(s) with damage to nail, sequela",S91239S,S91139S,,No,
"Fracture of unspecified metatarsal bone(s), unspecified foot, initial encounter for closed fracture",S92309A,S92301A,,No,
"Fracture of unspecified metatarsal bone(s), unspecified foot, initial encounter for open fracture",S92309B,S92301B,,No,
"Fracture of unspecified metatarsal bone(s), unspecified foot, subsequent encounter for fracture with routine healing",S92309D,S92301D,,No,
"Fracture of unspecified metatarsal bone(s), unspecified foot, subsequent encounter for fracture with delayed healing",S92309G,S92301G,,No,
"Fracture of unspecified metatarsal bone(s), unspecified foot, subsequent encounter for fracture with nonunion",S92309K,S92301K,,No,
"Fracture of unspecified metatarsal bone(s), unspecified foot, subsequent encounter for fracture with malunion",S92309P,S92301P,,No,
"Fracture of unspecified metatarsal bone(s), unspecified foot, sequela",S92309S,S92301S,,No,
"Injury of unspecified nerve at ankle and foot level, unspecified leg, initial encounter",S9490XA,S9491XA,,No,
"Injury of unspecified nerve at ankle and foot level, unspecified leg, subsequent encounter",S9490XD,S9491XD,,No,
"Injury of unspecified nerve at ankle and foot level, unspecified leg, sequela",S9490XS,S9491XS,,No,
"Unspecified injury of plantar artery of unspecified foot, initial encounter",S95109A,S95101A,,No,
"Unspecified injury of plantar artery of unspecified foot, subsequent encounter",S95109D,S95101D,,No,
"Unspecified injury of plantar artery of unspecified foot, sequela",S95109S,S95101S,,No,
"Unspecified injury of dorsal vein of unspecified foot, subsequent encounter",S95209D,S95201D,,No,
"Unspecified injury of other blood vessels at ankle and foot level, unspecified leg, initial encounter",S95809A,S95801A,,No,
"Unspecified injury of other blood vessels at ankle and foot level, unspecified leg, subsequent encounter",S95809D,S95801D,,No,
"Unspecified injury of other blood vessels at ankle and foot level, unspecified leg, sequela",S95809S,S95801S,,No,
"Unspecified injury of unspecified blood vessel at ankle and foot level, unspecified leg, initial encounter",S95909A,S95901A,,No,
"Unspecified injury of unspecified blood vessel at ankle and foot level, unspecified leg, subsequent encounter",S95909D,S95901D,,No,
"Unspecified injury of unspecified blood vessel at ankle and foot level, unspecified leg, sequela",S95909S,S95901S,,No,
"Laceration of unspecified blood vessel at ankle and foot level, unspecified leg, initial encounter",S95919A,S95911A,,No,
"Other specified injury of unspecified blood vessel at ankle and foot level, unspecified leg, initial encounter",S95999A,S95991A,,No,
"Other specified injury of unspecified blood vessel at ankle and foot level, unspecified leg, subsequent encounter",S95999D,S95991D,,No,
"Other specified injury of unspecified blood vessel at ankle and foot level, unspecified leg, sequela",S95999S,S95991S,,No,
"Unspecified injury of muscle and tendon of long flexor muscle of toe at ankle and foot level, unspecified foot, initial encounter",S96009A,S96001A,,No,
"Unspecified injury of muscle and tendon of long flexor muscle of toe at ankle and foot level, unspecified foot, subsequent encounter",S96009D,S96001D,,No,
"Unspecified injury of muscle and tendon of long extensor muscle of toe at ankle and foot level, unspecified foot, initial encounter",S96109A,S96102A,,No,
"Unspecified injury of muscle and tendon of long extensor muscle of toe at ankle and foot level, unspecified foot, subsequent encounter",S96109D,S96102D,,No,
"Unspecified injury of intrinsic muscle and tendon at ankle and foot level, unspecified foot, initial encounter",S96209A,S96201A,,No,
"Unspecified injury of intrinsic muscle and tendon at ankle and foot level, unspecified foot, subsequent encounter",S96209D,S96201D,,No,
"Unspecified injury of intrinsic muscle and tendon at ankle and foot level, unspecified foot, sequela",S96209S,S96201S,,No,
"Unspecified injury of other specified muscles and tendons at ankle and foot level, unspecified foot, initial encounter",S96809A,S96801A,,No,
"Unspecified injury of other specified muscles and tendons at ankle and foot level, unspecified foot, subsequent encounter",S96809D,S96801D,,No,
"Unspecified injury of other specified muscles and tendons at ankle and foot level, unspecified foot, sequela",S96809S,S96801S,,No,
"Other specified injury of other specified muscles and tendons at ankle and foot level, unspecified foot, initial encounter",S96899A,S96801A,,No,
"Other specified injury of other specified muscles and tendons at ankle and foot level, unspecified foot, subsequent encounter",S96899D,S96801D,,No,
"Other specified injury of other specified muscles and tendons at ankle and foot level, unspecified foot, sequela",S96899S,S96801S,,No,
"Unspecified injury of unspecified muscle and tendon at ankle and foot level, unspecified foot, initial encounter",S96909A,S96901A,,No,
"Unspecified injury of unspecified muscle and tendon at ankle and foot level, unspecified foot, subsequent encounter",S96909D,S96901D,,No,
"Unspecified injury of unspecified muscle and tendon at ankle and foot level, unspecified foot, sequela",S96909S,S96901S,,No,
"Strain of unspecified muscle and tendon at ankle and foot level, unspecified foot, initial encounter",S96919A,S96911A,,No,
"Laceration of unspecified muscle and tendon at ankle and foot level, unspecified foot, initial encounter",S96929A,S96921A,,No,
"Laceration of unspecified muscle and tendon at ankle and foot level, unspecified foot, subsequent encounter",S96929D,S96921D,,No,
"Other specified injury of unspecified muscle and tendon at ankle and foot level, unspecified foot, initial encounter",S96999A,S96991A,,No,
"Other specified injury of unspecified muscle and tendon at ankle and foot level, unspecified foot, subsequent encounter",S96999D,S96991D,,No,
"Other specified injury of unspecified muscle and tendon at ankle and foot level, unspecified foot, sequela",S96999S,S96991S,,No,
"Corrosion of unspecified degree of head, face, and neck, unspecified site, sequela",T2040XS,T2049XS,,No,
"Burn of unspecified degree of trunk, unspecified site, initial encounter",T2100XA,T2109XA,,No,
"Corrosion of unspecified degree of unspecified single finger (nail) except thumb, sequela",T23429S,T23529S,,No,
"Corrosion of unspecified degree of unspecified multiple fingers (nail), including thumb, sequela",T23449S,T23549S,,No,
"Corrosion of unspecified degree of multiple sites of unspecified wrist and hand, initial encounter",T23499A,T23599A,,No,
"Corrosion of unspecified degree of multiple sites of unspecified ankle and foot, initial encounter",T25499A,T25599A,,No,
Burns involving 50-59% of body surface with 50-59% third degree burns,T3155,T3154,,No,
Corrosions involving 50-59% of body surface with 50-59% third degree corrosion,T3255,T3254,,No,
"Adverse effect of succinimides and oxazolidinediones, subsequent encounter",T422X5D,T422X5A,,No,
"Toxic effect of chlorofluorocarbons, undetermined, subsequent encounter",T535X4D,T535X4A,,No,
"Toxic effect of cadmium and its compounds, undetermined, subsequent encounter",T563X4D,T563X4A,,No,
"Toxic effect of copper and its compounds, undetermined, subsequent encounter",T564X4D,T564X4A,,No,
"Toxic effect of zinc and its compounds, undetermined, subsequent encounter",T565X4D,T565X4A,,No,
"Toxic effect of phosphorus and its compounds, undetermined, subsequent encounter",T571X4D,T571X4A,,No,
"Toxic effect of halogenated insecticides, undetermined, subsequent encounter",T601X4D,T601X4A,,No,
"Toxic effect of herbicides and fungicides, undetermined, subsequent encounter",T603X4D,T603X4A,,No,
"Person on outside of three-wheeled motor vehicle injured in collision with two- or three-wheeled motor vehicle in nontraffic accident, initial encounter",V322XXA,V362XXA,,No,
"Person on outside of three-wheeled motor vehicle injured in collision with two- or three-wheeled motor vehicle in nontraffic accident, subsequent encounter",V322XXD,V362XXD,,No,
"Person boarding or alighting a car injured in collision with two- or three-wheeled motor vehicle, subsequent encounter",V424XXD,V324XXD,,No,
"Person boarding or alighting a car injured in collision with two- or three-wheeled motor vehicle, sequela",V424XXS,V324XXS,,No,
"Encounter for supervision of normal pregnancy, unspecified, first trimester",Z3491,Z3400,,No,
